Parent Information,Name of Class,Date
28,LinkedIn-1,1/11/21
28,LinkedIn-2,1/13/21
168,STEAM PA - 1st Grade,1/13/21
235,STEAM PA - 2nd Grade,1/13/21
230,STEAM PA - 2nd Grade (recording),1/13/21
225,STEAM PA - 2nd Grade,1/13/21
246,STEAM PA - 2nd Grade (recording),1/13/21
227,STEAM PA - 1st Grade,1/13/21
222,STEAM PA - 1st Grade,1/14/21
164,STEAM PA - 1st Grade,1/14/21
169,STEAM PA - 1st Grade,1/14/21
237,STEAM PA - 1st Grade,1/14/21
238,STEAM PA - 1st Grade (recording),1/14/21
239,STEAM PA - 1st Grade,1/14/21
228,STEAM PA - 1st Grade (recording),1/14/21
232,STEAM PA - 1st Grade,1/14/21
259,STEAM PA - 1st Grade (recording),1/14/21
24,Parent Support Group,1/19/21
43,Parent Support Group,1/19/21
28,Parent Support Group,1/19/21
4,Parent Support Group,1/19/21
138,Parent Support Group,1/19/21
23,Parent Support Group,1/19/21
14,Parent Support Group,1/19/21
31,Parent Support Group,1/19/21
30,Parent Support Group,1/19/21
38,Parent Support Group,1/19/21
132,Parent Support Group,1/19/21
17,Parent Support Group,1/19/21
173,Orientation ,1/20/21
175,Orientation ,1/20/21
177,Orientation ,1/20/21
176,Orientation ,1/20/21
174,Orientation ,1/20/21
178,Orientation ,1/20/21
179,Orientation ,1/20/21
180,Orientation ,1/20/21
181,Orientation ,1/20/21
246,STEAM PA - 2nd Grade (recording),1/20/21
235,STEAM PA - 2nd Grade (recording),1/20/21
178,"Zoom-1, Zoom-2",1/21/21
169,STEAM PA - 1st Grade (recording),1/21/21
262,STEAM PA - 1st Grade,1/21/21
232,STEAM PA - 1st Grade,1/21/21
164,STEAM PA - 1st Grade,1/21/21
226,STEAM PA - 1st Grade,1/21/21
250,STEAM PA - 1st Grade,1/21/21
18,SMART Goals Pt. 1,1/25/21
28,SMART Goals Pt. 1,1/25/21
84,SMART Goals Pt. 1,1/25/21
14,SMART Goals Pt. 1,1/25/21
31,SMART Goals Pt. 1,1/25/21
30,SMART Goals Pt. 1,1/25/21
4,SMART Goals Pt. 1,1/25/21
3,SMART Goals Pt. 1,1/25/21
17,SMART Goals Pt. 1,1/25/21
38,SMART Goals Pt. 1,1/25/21
177,"Google Drive-1, Google Drive-2",1/25/21
42,"Google Drive-1, Google Drive-2",1/25/21
178,"Google Drive-1, Google Drive-2",1/25/21
139,"Google Drive-1, Google Drive-2",1/25/21
180,Zoom-1,1/25/21
182,Zoom-1,1/25/21
14,Zoom-1,1/25/21
187,Zoom-1,1/25/21
182,Zoom-2,1/27/21
183,Zoom-2,1/27/21
178,"Google Drive-3 Pt. 1, Google Drive-3 Pt. 2",1/27/21
14,"Google Drive-3 Pt. 1, Google Drive-3 Pt. 2",1/27/21
42,"Google Drive-3 Pt. 1, Google Drive-3 Pt. 2",1/27/21
265,STEAM PA - 2nd Grade,1/27/21
230,STEAM PA - 2nd Grade,1/27/21
252,STEAM PA - 2nd Grade,1/27/21
254,STEAM PA - 2nd Grade (recording),1/27/21
224,STEAM PA - 2nd Grade (recording),1/27/21
246,STEAM PA - 2nd Grade,1/27/21
253,STEAM PA - 2nd Grade,1/27/21
178,Google Drive-4,1/28/21
42,Google Drive-4,1/28/21
250,STEAM PA - 1st Grade,1/28/21
255,STEAM PA - 1st Grade,1/28/21
232,STEAM PA - 1st Grade,1/28/21
222,STEAM PA - 1st Grade,1/28/21
164,STEAM PA - 1st Grade,1/28/21
168,STEAM PA - 1st Grade,1/28/21
84,SMART Goals Pt. 2,2/1/21
18,SMART Goals Pt. 2,2/1/21
41,SMART Goals Pt. 2,2/1/21
28,SMART Goals Pt. 2,2/1/21
30,SMART Goals Pt. 2,2/1/21
31,SMART Goals Pt. 2,2/1/21
4,SMART Goals Pt. 2,2/1/21
17,SMART Goals Pt. 2,2/1/21
38,SMART Goals Pt. 2,2/1/21
90,Typing-1,2/1/21
16,Typing-1,2/1/21
182,Typing-1,2/1/21
187,Typing-1,2/1/21
143,Math Reasoning,2/3/21
255,STEAM PA - 2nd Grade,2/3/21
246,STEAM PA - 2nd Grade (recording),2/3/21
168,STEAM PA - 2nd Grade,2/3/21
224,STEAM PA - 2nd Grade (recording),2/3/21
28,ESL Sp2021 504-202,2/4/21
35,ESL Sp2021 504-202,2/4/21
17,ESL Sp2021 504-202,2/4/21
23,ESL Sp2021 504-202,2/4/21
24,ESL Sp2021 504-202,2/4/21
147,ESL Sp2021 504-202,2/4/21
228,STEAM PA - 1st Grade,2/4/21
164,STEAM PA - 1st Grade,2/4/21
256,STEAM PA - 1st Grade,2/4/21
169,STEAM PA - 1st Grade,2/4/21
250,STEAM PA - 1st Grade,2/4/21
232,STEAM PA - 1st Grade,2/4/21
31,Time Management Pt. 1,2/8/21
17,Time Management Pt. 1,2/8/21
38,Time Management Pt. 1,2/8/21
19,Time Management Pt. 1,2/8/21
84,Time Management Pt. 1,2/8/21
18,Time Management Pt. 1,2/8/21
41,Time Management Pt. 1,2/8/21
28,Time Management Pt. 1,2/8/21
14,Time Management Pt. 1,2/8/21
4,Time Management Pt. 1,2/8/21
30,Time Management Pt. 1,2/8/21
42,LinkedIn-1,2/8/21
186,LinkedIn-1,2/8/21
3,Time Management Pt. 1,2/8/21
84,Google Drive-2,2/8/21
90,Google Drive-2,2/8/21
24,Google Drive-2,2/8/21
14,Google Drive-2,2/8/21
17,ESL Sp2021 504-202,2/9/21
35,ESL Sp2021 504-202,2/9/21
28,ESL Sp2021 504-202,2/9/21
23,ESL Sp2021 504-202,2/9/21
24,ESL Sp2021 504-202,2/9/21
147,ESL Sp2021 504-202,2/9/21
90,Google Docs Practice Session,2/10/21
24,Google Docs Practice Session,2/10/21
14,Google Docs Practice Session,2/10/21
41,Google Docs Practice Session,2/10/21
186,LinkedIn-2,2/10/21
247,STEAM PA - 2nd Grade,2/10/21
224,STEAM PA - 2nd Grade (recording),2/10/21
168,STEAM PA - 2nd Grade,2/10/21
257,STEAM PA - 2nd Grade,2/10/21
90,Connecting & Bonding with your Children with Isabel Lara ,2/11/21
131,Connecting & Bonding with your Children with Isabel Lara ,2/11/21
31,Connecting & Bonding with your Children with Isabel Lara ,2/11/21
17,Connecting & Bonding with your Children with Isabel Lara ,2/11/21
14,Connecting & Bonding with your Children with Isabel Lara ,2/11/21
30,Connecting & Bonding with your Children with Isabel Lara ,2/11/21
4,Connecting & Bonding with your Children with Isabel Lara ,2/11/21
28,Connecting & Bonding with your Children with Isabel Lara ,2/11/21
183,Connecting & Bonding with your Children with Isabel Lara ,2/11/21
16,Connecting & Bonding with your Children with Isabel Lara ,2/11/21
144,Connecting & Bonding with your Children with Isabel Lara ,2/11/21
24,Connecting & Bonding with your Children with Isabel Lara ,2/11/21
41,Connecting & Bonding with your Children with Isabel Lara ,2/11/21
35,ESL Sp2021 504-202,2/11/21
24,ESL Sp2021 504-202,2/11/21
147,ESL Sp2021 504-202,2/11/21
28,ESL Sp2021 504-202,2/11/21
28,ESL Sp2021 504-202,2/11/21
17,ESL Sp2021 504-202,2/11/21
168,STEAM PA - 1st Grade,2/11/21
232,STEAM PA - 1st Grade,2/11/21
245,STEAM PA - 1st Grade,2/11/21
167,STEAM PA - 1st Grade (recording),2/11/21
164,STEAM PA - 1st Grade,2/11/21
169,STEAM PA - 1st Grade,2/11/21
147,ESL Sp2021 504-202,2/16/21
41,ESL Sp2021 504-202,2/16/21
35,ESL Sp2021 504-202,2/16/21
158,"Zoom-1, Zoom-2",2/17/21
41,Math-1 pt. 1,2/17/21
183,Math-1 pt. 1,2/17/21
40,Math-1 pt. 1,2/17/21
35,ESL Sp2021 504-202,2/18/21
147,ESL Sp2021 504-202,2/18/21
28,ESL Sp2021 504-202,2/18/21
143,Online Success Strategies ,2/22/21
14,Online Success Strategies ,2/22/21
84,Math-1 pt. 2,2/22/21
40,Math-1 pt. 2,2/22/21
18,Time Management Pt. 2,2/22/21
84,Time Management Pt. 2,2/22/21
41,Time Management Pt. 2,2/22/21
28,Time Management Pt. 2,2/22/21
19,Time Management Pt. 2,2/22/21
14,Time Management Pt. 2,2/22/21
3,Time Management Pt. 2,2/22/21
30,Time Management Pt. 2,2/22/21
4,Time Management Pt. 2,2/22/21
38,Time Management Pt. 2,2/22/21
31,Time Management Pt. 2,2/22/21
17,Time Management Pt. 2,2/22/21
24,ESL Sp2021 504-202,2/23/21
17,ESL Sp2021 504-202,2/23/21
147,ESL Sp2021 504-202,2/23/21
14,Google Drive-3 Pt. 1,2/24/21
17,Google Drive-3 Pt. 1,2/24/21
236,STEAM PA - 2nd Grade (recording),2/24/21
225,STEAM PA - 2nd Grade,2/24/21
168,STEAM PA - 2nd Grade,2/24/21
235,STEAM PA - 2nd Grade,2/24/21
258,STEAM PA - 2nd Grade,2/24/21
246,STEAM PA - 2nd Grade,2/24/21
224,STEAM PA - 2nd Grade (recording),2/24/21
143,"Google Drive-1, Google Drive-2",2/25/21
147,ESL Sp2021 504-202,2/25/21
35,ESL Sp2021 504-202,2/25/21
28,ESL Sp2021 504-202,2/25/21
17,ESL Sp2021 504-202,2/25/21
24,ESL Sp2021 504-202,2/25/21
228,STEAM PA - 1st Grade,2/25/21
232,STEAM PA - 1st Grade,2/25/21
229,STEAM PA - 1st Grade,2/25/21
164,STEAM PA - 1st Grade,2/25/21
19,Public Speaking Pt. 1,3/1/21
19,Public Speaking Pt. 1,3/1/21
18,Public Speaking Pt. 1,3/1/21
28,Public Speaking Pt. 1,3/1/21
41,Public Speaking Pt. 1,3/1/21
84,Public Speaking Pt. 1,3/1/21
30,Public Speaking Pt. 1,3/1/21
14,Public Speaking Pt. 1,3/1/21
4,Public Speaking Pt. 1,3/1/21
31,Public Speaking Pt. 1,3/1/21
3,Public Speaking Pt. 1,3/1/21
38,Public Speaking Pt. 1,3/1/21
17,Public Speaking Pt. 1,3/1/21
183,Google Drive-3 Pt. 2,3/1/21
17,ESL Sp2021 504-202,3/2/21
35,ESL Sp2021 504-202,3/2/21
38,Google Sheets Practice Session,3/3/21
14,Google Sheets Practice Session,3/3/21
17,Google Sheets Practice Session,3/3/21
19,SMART Goals Pt. 1,3/3/21
231,STEAM PA - 2nd Grade (recording),3/3/21
224,STEAM PA - 2nd Grade (recording),3/3/21
258,STEAM PA - 2nd Grade,3/3/21
28,ESL Sp2021 504-202,3/4/21
147,ESL Sp2021 504-202,3/4/21
17,ESL Sp2021 504-202,3/4/21
35,ESL Sp2021 504-202,3/4/21
24,ESL Sp2021 504-202,3/4/21
236,STEAM PA - 1st Grade (recording),3/4/21
232,STEAM PA - 1st Grade,3/4/21
169,STEAM PA - 1st Grade,3/4/21
41,Google Drive-4,3/8/21
21,Google Drive-4,3/8/21
19,Public Speaking Pt. 2,3/8/21
4,Public Speaking Pt. 2,3/8/21
30,Public Speaking Pt. 2,3/8/21
14,Public Speaking Pt. 2,3/8/21
31,Public Speaking Pt. 2,3/8/21
3,Public Speaking Pt. 2,3/8/21
17,Public Speaking Pt. 2,3/8/21
84,Public Speaking Pt. 2,3/8/21
18,Public Speaking Pt. 2,3/8/21
41,Public Speaking Pt. 2,3/8/21
28,Public Speaking Pt. 2,3/8/21
17,ESL Sp2021 504-202,3/9/21
24,ESL Sp2021 504-202,3/9/21
35,ESL Sp2021 504-202,3/9/21
28,ESL Sp2021 504-202,3/9/21
14,Math Reasoning,3/10/21
21,Math Reasoning,3/10/21
261,STEAM PA - 2nd Grade,3/10/21
224,STEAM PA - 2nd Grade (recording),3/10/21
223,STEAM PA - 2nd Grade (recording),3/10/21
28,ESL Sp2021 504-202,3/11/21
17,ESL Sp2021 504-202,3/11/21
24,ESL Sp2021 504-202,3/11/21
232,STEAM PA - 1st Grade,3/11/21
245,STEAM PA - 1st Grade,3/11/21
256,STEAM PA - 1st Grade,3/11/21
169,STEAM PA - 1st Grade,3/11/21
164,STEAM PA - 1st Grade,3/11/21
18,Managing Difficult Conversations Pt. 1,3/15/21
19,Managing Difficult Conversations Pt. 1,3/15/21
41,Managing Difficult Conversations Pt. 1,3/15/21
28,Managing Difficult Conversations Pt. 1,3/15/21
14,Managing Difficult Conversations Pt. 1,3/15/21
4,Managing Difficult Conversations Pt. 1,3/15/21
31,Managing Difficult Conversations Pt. 1,3/15/21
30,Managing Difficult Conversations Pt. 1,3/15/21
3,Managing Difficult Conversations Pt. 1,3/15/21
84,Managing Difficult Conversations Pt. 1,3/15/21
38,Managing Difficult Conversations Pt. 1,3/15/21
17,Managing Difficult Conversations Pt. 1,3/15/21
28,ESL Sp2021 504-202,3/16/21
17,ESL Sp2021 504-202,3/16/21
24,ESL Sp2021 504-202,3/16/21
241,STEAM PA - 2nd Grade,3/17/21
258,STEAM PA - 2nd Grade,3/17/21
24,ESL Sp2021 504-202,3/18/21
28,ESL Sp2021 504-202,3/18/21
17,ESL Sp2021 504-202,3/18/21
226,STEAM PA - 1st Grade,3/18/21
264,STEAM PA - 1st Grade,3/18/21
167,STEAM PA - 1st Grade (recording),3/18/21
243,STEAM PA - 1st Grade,3/18/21
164,STEAM PA - 1st Grade,3/18/21
169,STEAM PA - 1st Grade,3/18/21
232,STEAM PA - 1st Grade,3/18/21
18,Managing Difficult Conversations Pt. 2,3/22/21
19,Managing Difficult Conversations Pt. 2,3/22/21
28,Managing Difficult Conversations Pt. 2,3/22/21
3,Managing Difficult Conversations Pt. 2,3/22/21
84,Managing Difficult Conversations Pt. 2,3/22/21
30,Managing Difficult Conversations Pt. 2,3/22/21
31,Managing Difficult Conversations Pt. 2,3/22/21
38,Managing Difficult Conversations Pt. 2,3/22/21
17,Managing Difficult Conversations Pt. 2,3/22/21
4,Managing Difficult Conversations Pt. 2,3/22/21
24,ESL Sp2021 504-202,3/23/21
28,ESL Sp2021 504-202,3/23/21
147,ESL Sp2021 504-202,3/23/21
191,Orientation ,3/24/21
190,Orientation ,3/24/21
189,Orientation ,3/24/21
192,Orientation ,3/24/21
194,Orientation ,3/24/21
193,Orientation ,3/24/21
195,Orientation ,3/24/21
188,Orientation ,3/24/21
196,Orientation ,3/24/21
198,Orientation ,3/24/21
230,STEAM PA - 2nd Grade,3/24/21
168,STEAM PA - 2nd Grade,3/24/21
224,STEAM PA - 2nd Grade (recording),3/24/21
24,ESL Sp2021 504-202,3/25/21
28,ESL Sp2021 504-202,3/25/21
17,ESL Sp2021 504-202,3/25/21
232,STEAM PA - 1st Grade,3/25/21
164,STEAM PA - 1st Grade,3/25/21
169,STEAM PA - 1st Grade,3/25/21
30,Resume Writing,3/29/21
31,Resume Writing,3/29/21
4,Resume Writing,3/29/21
3,Resume Writing,3/29/21
38,Resume Writing,3/29/21
17,Resume Writing,3/29/21
19,Resume Writing,3/29/21
84,Resume Writing,3/29/21
18,Resume Writing,3/29/21
28,Resume Writing,3/29/21
14,Resume Writing,3/29/21
196,Zoom-1,3/29/21
17,ESL Sp2021 504-202,3/30/21
24,ESL Sp2021 504-202,3/30/21
199,Zoom-1,3/31/21
183,Zoom-1,3/31/21
258,STEAM PA - 2nd Grade,3/31/21
224,STEAM PA - 2nd Grade (recording),3/31/21
17,ESL Sp2021 504-202,4/1/21
28,ESL Sp2021 504-202,4/1/21
164,STEAM PA - 1st Grade,4/1/21
232,STEAM PA - 1st Grade,4/1/21
248,STEAM PA - 1st Grade,4/1/21
250,STEAM PA - 1st Grade,4/1/21
264,STEAM PA - 1st Grade (recording),4/1/21
135,Google Drive-3 Pt. 1,4/5/21
188,Google Drive-1,4/5/21
196,Google Drive-1,4/5/21
17,Google Drive-1,4/5/21
17,Resume Writing,4/7/21
196,Typing-1,4/7/21
188,Typing-1,4/7/21
38,Managing Difficult Conversations Pt. 2,4/7/21
260,STEAM PA - 2nd Grade (recording),4/7/21
167,STEAM PA - 1st Grade (recording),4/8/21
122,Google Drive-2,4/12/21
17,Google Drive-2,4/12/21
196,Google Drive-2,4/12/21
188,Google Drive-2,4/12/21
17,ESL Sp2021 504-202,4/13/21
24,ESL Sp2021 504-202,4/13/21
234,STEAM PA - 2nd Grade (recording),4/14/21
224,STEAM PA - 2nd Grade (recording),4/14/21
230,STEAM PA - 2nd Grade (recording),4/14/21
24,ESL Sp2021 504-202,4/15/21
17,ESL Sp2021 504-202,4/15/21
164,STEAM PA - 1st Grade,4/15/21
233,STEAM PA - 1st Grade (recording),4/15/21
232,STEAM PA - 1st Grade,4/15/21
169,STEAM PA - 1st Grade,4/15/21
263,STEAM PA - 1st Grade (recording),4/15/21
17,ESL Sp2021 504-202,4/20/21
24,ESL Sp2021 504-202,4/20/21
221,Orientation ,4/21/21
241,STEAM PA - 2nd Grade,4/21/21
246,STEAM PA - 2nd Grade,4/21/21
224,STEAM PA - 2nd Grade (recording),4/21/21
168,STEAM PA - 2nd Grade,4/21/21
251,STEAM PA - 2nd Grade (recording),4/21/21
17,ESL Sp2021 504-202,4/22/21
24,ESL Sp2021 504-202,4/22/21
164,STEAM PA - 1st Grade,4/22/21
232,STEAM PA - 1st Grade,4/22/21
207,Google Drive-3 Pt. 1,4/26/21
38,Google Drive-3 Pt. 1,4/26/21
221,Google Drive-3 Pt. 1,4/26/21
188,Google Drive-3 Pt. 1,4/26/21
17,ESL Sp2021 504-202,4/27/21
24,ESL Sp2021 504-202,4/27/21
41,Zoom-1,4/28/21
188,Zoom-1,4/28/21
255,STEAM PA - 2nd Grade,4/28/21
242,STEAM PA - 2nd Grade,4/28/21
258,STEAM PA - 2nd Grade,4/28/21
235,STEAM PA - 2nd Grade (recording),4/28/21
224,STEAM PA - 2nd Grade (recording),4/28/21
164,STEAM PA - 1st Grade,4/29/21
232,STEAM PA - 1st Grade,4/29/21
169,STEAM PA - 1st Grade (recording),4/29/21
17,ESL Sp2021 504-202,5/4/21
24,ESL Sp2021 504-202,5/4/21
168,STEAM PA - 2nd Grade,5/5/21
260,STEAM PA - 2nd Grade,5/5/21
258,STEAM PA - 2nd Grade,5/5/21
230,STEAM PA - 2nd Grade,5/5/21
241,STEAM PA - 2nd Grade,5/5/21
17,ESL Sp2021 504-202,5/6/21
24,ESL Sp2021 504-202,5/6/21
164,STEAM PA - 1st Grade,5/6/21
232,STEAM PA - 1st Grade,5/6/21
169,STEAM PA - 1st Grade,5/6/21
238,STEAM PA - 1st Grade (recording),5/6/21
236,STEAM PA - 1st Grade (recording),5/6/21
212,Google Drive-4,5/10/21
196,Google Drive-4,5/10/21
188,Google Drive-4,5/10/21
204,Google Drive-4,5/10/21
194,Google Drive-1,5/10/21
17,ESL Sp2021 504-202,5/11/21
209,Google Drive-1,5/12/21
207,Google Drive-1,5/12/21
204,Google Drive-1,5/12/21
196,Google Drive-1,5/12/21
188,Google Drive-1,5/12/21
163,Google Drive-1,5/12/21
212,Google Drive-1,5/12/21
230,STEAM PA - 2nd Grade (recording),5/12/21
265,STEAM PA - 2nd Grade,5/12/21
244,STEAM PA - 2nd Grade (recording),5/12/21
224,STEAM PA - 2nd Grade (recording),5/12/21
24,ESL Sp2021 504-202,5/13/21
17,ESL Sp2021 504-202,5/13/21
164,STEAM PA - 1st Grade,5/13/21
228,STEAM PA - 1st Grade,5/13/21
169,STEAM PA - 1st Grade,5/13/21
232,STEAM PA - 1st Grade,5/13/21
262,STEAM PA - 1st Grade,5/13/21
207,Math Reasoning,5/17/21
204,Math Reasoning,5/17/21
196,Math Reasoning,5/17/21
135,Google Drive-3 Pt. 2,5/17/21
198,Google Drive-3 Pt. 2,5/17/21
24,ESL Sp2021 504-202,5/18/21
17,ESL Sp2021 504-202,5/18/21
41,Typing-1,5/19/21
204,Typing-1,5/19/21
230,STEAM PA - 2nd Grade,5/19/21
253,STEAM PA - 2nd Grade,5/19/21
258,STEAM PA - 2nd Grade,5/19/21
168,STEAM PA - 2nd Grade,5/19/21
17,ESL Sp2021 504-202,5/20/21
24,ESL Sp2021 504-202,5/20/21
198,Google Drive-4,5/20/21
245,STEAM PA - 1st Grade,5/20/21
164,STEAM PA - 1st Grade,5/20/21
232,STEAM PA - 1st Grade,5/20/21
248,STEAM PA - 1st Grade,5/20/21
264,STEAM PA - 1st Grade,5/20/21
204,Online Success Strategies ,5/24/21
207,Online Success Strategies ,5/24/21
196,Google Drive-2,5/26/21
258,STEAM PA - 2nd Grade,5/26/21
168,STEAM PA - 2nd Grade,5/26/21
163,Online Success Strategies ,5/27/21
29,Online Success Strategies ,5/27/21
232,STEAM PA - 1st Grade,5/27/21
164,STEAM PA - 1st Grade,5/27/21
169,STEAM PA - 1st Grade,5/27/21
266,Google Drive-1,5/28/21
279,Google Drive-1,5/28/21
278,Google Drive-1,5/28/21
275,Google Drive-1,5/28/21
271,Google Drive-1,5/28/21
270,Google Drive-1,5/28/21
196,Google Drive-1,5/28/21
273,Google Drive-1,5/28/21
268,Google Drive-1,5/28/21
267,Google Drive-1,5/28/21
272,Google Drive-1,5/28/21
31,Google Drive-1,5/28/21
276,Google Drive-1,5/28/21
274,Google Drive-1,5/28/21
273,Google Drive-2,6/4/21
274,Google Drive-2,6/4/21
276,Google Drive-2,6/4/21
31,Google Drive-2,6/4/21
266,Google Drive-2,6/4/21
279,Google Drive-2,6/4/21
278,Google Drive-2,6/4/21
275,Google Drive-2,6/4/21
271,Google Drive-2,6/4/21
270,Google Drive-2,6/4/21
196,Google Drive-2,6/4/21
268,Google Drive-2,6/4/21
267,Google Drive-2,6/4/21
207,Google Drive-3 Pt. 2,6/7/21
188,Google Drive-3 Pt. 2,6/7/21
204,Google Drive-3 Pt. 2,6/7/21
90,Google Drive-3 Pt. 2,6/7/21
272,Google Drive-2,6/7/21
207,Google Drive-4,6/9/21
204,Google Drive-4,6/9/21
90,Google Drive-4,6/9/21
196,Google Drive-4,6/9/21
135,"Zoom-1, Zoom-2",6/10/21
266,Google Docs Practice Session,6/11/21
279,Google Docs Practice Session,6/11/21
278,Google Docs Practice Session,6/11/21
271,Google Docs Practice Session,6/11/21
270,Google Docs Practice Session,6/11/21
275,Google Docs Practice Session,6/11/21
196,Google Docs Practice Session,6/11/21
267,Google Docs Practice Session,6/11/21
31,Google Docs Practice Session,6/11/21
273,Google Docs Practice Session,6/11/21
268,Google Docs Practice Session,6/11/21
272,Google Docs Practice Session,6/11/21
274,Google Docs Practice Session,6/11/21
276,Google Docs Practice Session,6/11/21
207,LinkedIn-1,6/15/21
188,LinkedIn-1,6/15/21
196,LinkedIn-1,6/15/21
207,LinkedIn-2,6/16/21
270,"Google Drive-3 Pt. 1, Google Drive-3 Pt. 2",6/18/21
276,"Google Drive-3 Pt. 1, Google Drive-3 Pt. 2",6/18/21
274,"Google Drive-3 Pt. 1, Google Drive-3 Pt. 2",6/18/21
273,"Google Drive-3 Pt. 1, Google Drive-3 Pt. 2",6/18/21
275,"Google Drive-3 Pt. 1, Google Drive-3 Pt. 2",6/18/21
267,"Google Drive-3 Pt. 1, Google Drive-3 Pt. 2",6/18/21
272,"Google Drive-3 Pt. 1, Google Drive-3 Pt. 2",6/18/21
266,"Google Drive-3 Pt. 1, Google Drive-3 Pt. 2",6/18/21
196,"Google Drive-3 Pt. 1, Google Drive-3 Pt. 2",6/18/21
271,"Google Drive-3 Pt. 1, Google Drive-3 Pt. 2",6/18/21
31,"Google Drive-3 Pt. 1, Google Drive-3 Pt. 2",6/18/21
279,"Google Drive-3 Pt. 1, Google Drive-3 Pt. 2",6/18/21
268,"Google Drive-3 Pt. 1, Google Drive-3 Pt. 2",6/18/21
268,Zoom-1,6/21/21
285,Zoom-1,6/21/21
289,Zoom-1,6/21/21
209,Zoom-1,6/21/21
288,Zoom-1,6/21/21
282,"Zoom-1, Zoom-2",6/22/21
288,Zoom-2,6/23/21
290,Zoom-2,6/23/21
283,Zoom-2,6/23/21
289,Zoom-2,6/23/21
90,Zoom-2,6/23/21
290,Zoom-1,6/23/21
271,Google Slides Practice Session,6/25/21
274,Google Slides Practice Session,6/25/21
272,Google Slides Practice Session,6/25/21
275,Google Slides Practice Session,6/25/21
273,Google Slides Practice Session,6/25/21
266,Google Slides Practice Session,6/25/21
31,Google Slides Practice Session,6/25/21
270,Google Slides Practice Session,6/25/21
196,Google Slides Practice Session,6/25/21
268,Google Slides Practice Session,6/25/21
267,Google Slides Practice Session,6/25/21
196,Zoom-2,6/25/21
196,Google Drive-1,6/28/21
291,Google Drive-1,6/28/21
221,Google Drive-1,6/28/21
288,Google Drive-1,6/28/21
196,Google Drive-1,6/28/21
290,Google Drive-1,6/28/21
196,Google Drive-1,6/28/21
289,Google Drive-1,6/28/21
285,Google Drive-1,6/28/21
282,Google Drive-1,6/29/21
163,Google Drive-1,6/29/21
290,Typing-1,6/30/21
196,Typing-1,6/30/21
291,Typing-1,6/30/21
288,Typing-1,6/30/21
282,Typing-1,7/1/21
196,Typing-1,7/2/21
291,Google Drive-1,7/2/21
290,Google Drive-2,7/6/21
282,"Google Drive-2, Typing-1",7/6/21
290,Google Docs Practice Session,7/7/21
207,Google Drive Practice Session,7/7/21
282,Google Drive Practice Session,7/8/21
270,Google Drive-4,7/9/21
272,Google Drive-4,7/9/21
276,Google Drive-4,7/9/21
271,Google Drive-4,7/9/21
279,Google Drive-4,7/9/21
274,Google Drive-4,7/9/21
275,Google Drive-4,7/9/21
267,Google Drive-4,7/9/21
268,Google Drive-4,7/9/21
31,Google Drive-4,7/9/21
266,Google Drive-4,7/9/21
273,Google Drive-4,7/9/21
279,Google Slides Practice Session,7/12/21
290,Math-1 pt. 1,7/12/21
278,Math-1 pt. 1,7/12/21
282,Math-1 pt. 1,7/13/21
290,Math-1 pt. 2,7/14/21
291,Math-1 pt. 2,7/14/21
270,Google Sheets Practice Session,7/16/21
31,Google Sheets Practice Session,7/16/21
279,Google Sheets Practice Session,7/16/21
266,Google Sheets Practice Session,7/16/21
272,Google Sheets Practice Session,7/16/21
275,Google Sheets Practice Session,7/16/21
268,Google Sheets Practice Session,7/16/21
267,Google Sheets Practice Session,7/16/21
276,Google Sheets Practice Session,7/16/21
273,Google Sheets Practice Session,7/16/21
274,Google Sheets Practice Session,7/16/21
90,Google Drive-3 Pt. 1,7/19/21
113,Google Drive-3 Pt. 1,7/19/21
14,Module 1: Help Your Child Identify Their Skills,7/20/21
199,Module 1: Help Your Child Identify Their Skills,7/20/21
40,Module 1: Help Your Child Identify Their Skills,7/20/21
38,Module 1: Help Your Child Identify Their Skills,7/20/21
31,Module 1: Help Your Child Identify Their Skills,7/20/21
207,Module 1: Help Your Child Identify Their Skills,7/20/21
268,Module 1: Help Your Child Identify Their Skills,7/20/21
90,Module 1: Help Your Child Identify Their Skills,7/20/21
4,Module 1: Help Your Child Identify Their Skills,7/20/21
3,Module 1: Help Your Child Identify Their Skills,7/20/21
282,Google Drive-3 Pt. 1,7/20/21
90,Google Drive-3 Pt. 2,7/21/21
196,Google Drive-3 Pt. 2,7/21/21
113,Google Drive-3 Pt. 2,7/21/21
42,Career Exploration Program of Study Pt. 1,7/21/21
14,Career Exploration Program of Study Pt. 1,7/21/21
176,Career Exploration Program of Study Pt. 1,7/21/21
282,Google Drive-3 Pt. 2,7/22/21
207,Module 2: Discuss Career Options,7/27/21
90,Module 2: Discuss Career Options,7/27/21
199,Module 2: Discuss Career Options,7/27/21
38,Module 2: Discuss Career Options,7/27/21
4,Module 2: Discuss Career Options,7/27/21
31,Module 2: Discuss Career Options,7/27/21
268,Module 2: Discuss Career Options,7/27/21
14,Module 2: Discuss Career Options,7/27/21
90,Google Drive-4,7/28/21
14,Google Drive-4,7/28/21
125,Google Drive-4,7/28/21
176,Career Exploration Program of Study Pt. 2,7/28/21
42,Career Exploration Program of Study Pt. 2,7/28/21
90,LinkedIn-1,8/2/21
113,LinkedIn-1,8/2/21
125,LinkedIn-1,8/3/21
38,Module 3: Career Action Plan,8/3/21
199,Module 3: Career Action Plan,8/3/21
14,Module 3: Career Action Plan,8/3/21
31,Module 3: Career Action Plan,8/3/21
268,Module 3: Career Action Plan,8/3/21
4,Module 3: Career Action Plan,8/3/21
90,Module 3: Career Action Plan,8/3/21
113,LinkedIn-2,8/4/21
176,Career Exploration Program of Study Pt. 3,8/4/21
90,LinkedIn-2,8/6/21
266,Career Exploration Program of Study Pt. 1,8/6/21
274,Career Exploration Program of Study Pt. 1,8/6/21
272,Career Exploration Program of Study Pt. 1,8/6/21
114,Career Exploration Program of Study Pt. 1,8/6/21
103,Career Exploration Program of Study Pt. 1,8/6/21
279,Career Exploration Program of Study Pt. 1,8/6/21
128,Career Exploration Program of Study Pt. 1,8/6/21
89,Career Exploration Program of Study Pt. 1,8/6/21
267,Career Exploration Program of Study Pt. 1,8/6/21
270,Career Exploration Program of Study Pt. 1,8/6/21
271,Career Exploration Program of Study Pt. 1,8/6/21
273,Career Exploration Program of Study Pt. 1,8/6/21
275,Career Exploration Program of Study Pt. 1,8/6/21
111,Career Exploration Program of Study Pt. 1,8/6/21
294,Career Exploration Program of Study Pt. 1,8/6/21
90,Math Reasoning,8/9/21
125,Math Reasoning,8/9/21
125,Online Success Strategies ,8/11/21
273,Career Exploration Program of Study Pt. 2,8/13/21
272,Career Exploration Program of Study Pt. 2,8/13/21
275,Career Exploration Program of Study Pt. 2,8/13/21
114,Career Exploration Program of Study Pt. 2,8/13/21
40,Career Exploration Program of Study Pt. 2,8/13/21
276,Career Exploration Program of Study Pt. 2,8/13/21
274,Career Exploration Program of Study Pt. 2,8/13/21
196,Career Exploration Program of Study Pt. 2,8/13/21
279,Career Exploration Program of Study Pt. 2,8/13/21
128,Career Exploration Program of Study Pt. 2,8/13/21
266,Career Exploration Program of Study Pt. 2,8/13/21
267,Career Exploration Program of Study Pt. 2,8/13/21
294,Career Exploration Program of Study Pt. 2,8/13/21
89,Career Exploration Program of Study Pt. 2,8/13/21
271,Career Exploration Program of Study Pt. 2,8/13/21
111,Career Exploration Program of Study Pt. 2,8/13/21
40,Career Exploration Program of Study Pt. 3,8/20/21
270,Career Exploration Program of Study Pt. 3,8/20/21
272,Career Exploration Program of Study Pt. 3,8/20/21
275,Career Exploration Program of Study Pt. 3,8/20/21
114,Career Exploration Program of Study Pt. 3,8/20/21
111,Career Exploration Program of Study Pt. 3,8/20/21
276,Career Exploration Program of Study Pt. 3,8/20/21
274,Career Exploration Program of Study Pt. 3,8/20/21
279,Career Exploration Program of Study Pt. 3,8/20/21
128,Career Exploration Program of Study Pt. 3,8/20/21
267,Career Exploration Program of Study Pt. 3,8/20/21
266,Career Exploration Program of Study Pt. 3,8/20/21
294,Career Exploration Program of Study Pt. 3,8/20/21
89,Career Exploration Program of Study Pt. 3,8/20/21
271,Career Exploration Program of Study Pt. 3,8/20/21
273,Career Exploration Program of Study Pt. 3,8/20/21
125,Zoom-1,8/23/21
196,Zoom-1,8/23/21
196,Zoom-2,8/24/21
111,Zoom-2,8/24/21
125,Zoom-2,8/24/21
113,Google Drive-1,8/26/21
111,Google Drive-1,8/26/21
111,Google Drive-2,8/27/21
125,Math-1 pt. 1,8/30/21
111,Math-1 pt. 1,8/30/21
145,Math-1 pt. 2,8/31/21
89,Math-1 pt. 2,8/31/21
266,SMART Goals Pt. 1,9/2/21
114,SMART Goals Pt. 1,9/2/21
294,SMART Goals Pt. 1,9/2/21
111,SMART Goals Pt. 1,9/2/21
275,SMART Goals Pt. 1,9/2/21
268,SMART Goals Pt. 1,9/2/21
278,SMART Goals Pt. 1,9/2/21
276,SMART Goals Pt. 1,9/2/21
273,SMART Goals Pt. 1,9/2/21
274,SMART Goals Pt. 1,9/2/21
196,SMART Goals Pt. 1,9/2/21
279,SMART Goals Pt. 1,9/2/21
40,SMART Goals Pt. 1,9/2/21
271,SMART Goals Pt. 1,9/2/21
31,SMART Goals Pt. 1,9/2/21
89,SMART Goals Pt. 1,9/2/21
270,SMART Goals Pt. 1,9/2/21
300,SMART Goals Pt. 1,9/2/21
125,Google Drive-3 Pt. 1,9/2/21
277,Google Drive-1,9/3/21
13,Google Drive-1,9/3/21
113,Google Drive-3 Pt. 2,9/3/21
196,SMART Goals Pt. 2,9/9/21
266,SMART Goals Pt. 2,9/9/21
300,SMART Goals Pt. 2,9/9/21
279,SMART Goals Pt. 2,9/9/21
111,SMART Goals Pt. 2,9/9/21
275,SMART Goals Pt. 2,9/9/21
128,SMART Goals Pt. 2,9/9/21
31,SMART Goals Pt. 2,9/9/21
89,SMART Goals Pt. 2,9/9/21
278,SMART Goals Pt. 2,9/9/21
114,SMART Goals Pt. 2,9/9/21
294,SMART Goals Pt. 2,9/9/21
276,SMART Goals Pt. 2,9/9/21
40,SMART Goals Pt. 2,9/9/21
273,SMART Goals Pt. 2,9/9/21
274,SMART Goals Pt. 2,9/9/21
271,SMART Goals Pt. 2,9/9/21
270,SMART Goals Pt. 2,9/9/21
268,SMART Goals Pt. 2,9/9/21
295,Google Drive-1,9/10/21
299,Google Drive-1,9/10/21
297,Google Drive-1,9/10/21
277,Google Drive-2,9/10/21
13,Google Drive-2,9/10/21
125,SMART Goals Pt. 1,9/13/21
288,SMART Goals Pt. 1,9/13/21
143,SMART Goals Pt. 1,9/14/21
293,SMART Goals Pt. 1,9/17/21
279,SMART Goals Pt. 1,9/17/21
298,Google Drive-1,9/17/21
299,Google Drive-2,9/17/21
295,Google Drive-2,9/17/21
297,Google Drive-2,9/17/21
298,Google Drive-2,9/17/21
288,SMART Goals Pt. 2,9/20/21
125,SMART Goals Pt. 2,9/20/21
143,SMART Goals Pt. 2,9/21/21
114,Time Management Pt. 1,9/23/21
275,Time Management Pt. 1,9/23/21
300,Time Management Pt. 1,9/23/21
40,Time Management Pt. 1,9/23/21
111,Time Management Pt. 1,9/23/21
266,Time Management Pt. 1,9/23/21
270,Time Management Pt. 1,9/23/21
271,Time Management Pt. 1,9/23/21
268,Time Management Pt. 1,9/23/21
279,Time Management Pt. 1,9/23/21
294,Time Management Pt. 1,9/23/21
111,Time Management Pt. 1,9/23/21
31,Time Management Pt. 1,9/23/21
89,Time Management Pt. 1,9/23/21
273,Time Management Pt. 1,9/23/21
274,Time Management Pt. 1,9/23/21
278,Time Management Pt. 1,9/23/21
196,Time Management Pt. 1,9/23/21
279,SMART Goals Pt. 2,9/24/21
293,SMART Goals Pt. 2,9/24/21
13,Google Drive-3 Pt. 1,9/24/21
297,Google Drive-3 Pt. 1,9/24/21
295,Google Drive-3 Pt. 1,9/24/21
299,Google Drive-3 Pt. 1,9/24/21
288,Time Management Pt. 1,9/27/21
125,Time Management Pt. 1,9/27/21
271,Time Management Pt. 2,9/30/21
275,Time Management Pt. 2,9/30/21
278,Time Management Pt. 2,9/30/21
276,Time Management Pt. 2,9/30/21
294,Time Management Pt. 2,9/30/21
274,Time Management Pt. 2,9/30/21
196,Time Management Pt. 2,9/30/21
279,Time Management Pt. 2,9/30/21
114,Time Management Pt. 2,9/30/21
300,Time Management Pt. 2,9/30/21
40,Time Management Pt. 2,9/30/21
111,Time Management Pt. 2,9/30/21
266,Time Management Pt. 2,9/30/21
31,Time Management Pt. 2,9/30/21
128,Time Management Pt. 2,9/30/21
268,Time Management Pt. 2,9/30/21
273,Time Management Pt. 2,9/30/21
89,Time Management Pt. 2,9/30/21
293,Time Management Pt. 1,10/1/21
288,Time Management Pt. 2,10/4/21
125,Time Management Pt. 2,10/4/21
268,Public Speaking Pt. 1,10/7/21
271,Public Speaking Pt. 1,10/7/21
273,Public Speaking Pt. 1,10/7/21
266,Public Speaking Pt. 1,10/7/21
31,Public Speaking Pt. 1,10/7/21
275,Public Speaking Pt. 1,10/7/21
274,Public Speaking Pt. 1,10/7/21
196,Public Speaking Pt. 1,10/7/21
278,Public Speaking Pt. 1,10/7/21
294,Public Speaking Pt. 1,10/7/21
300,Public Speaking Pt. 1,10/7/21
114,Public Speaking Pt. 1,10/7/21
40,Public Speaking Pt. 1,10/7/21
279,Public Speaking Pt. 1,10/7/21
111,Public Speaking Pt. 1,10/7/21
128,Public Speaking Pt. 1,10/7/21
270,Public Speaking Pt. 1,10/7/21
293,Time Management Pt. 2,10/8/21
288,Public Speaking Pt. 1,10/11/21
125,Public Speaking Pt. 1,10/11/21
40,Public Speaking Pt. 2,10/14/21
196,Public Speaking Pt. 2,10/14/21
266,Public Speaking Pt. 2,10/14/21
31,Public Speaking Pt. 2,10/14/21
89,Public Speaking Pt. 2,10/14/21
268,Public Speaking Pt. 2,10/14/21
271,Public Speaking Pt. 2,10/14/21
275,Public Speaking Pt. 2,10/14/21
273,Public Speaking Pt. 2,10/14/21
274,Public Speaking Pt. 2,10/14/21
278,Public Speaking Pt. 2,10/14/21
279,Public Speaking Pt. 2,10/14/21
294,Public Speaking Pt. 2,10/14/21
111,Public Speaking Pt. 2,10/14/21
300,Public Speaking Pt. 2,10/14/21
114,Public Speaking Pt. 2,10/14/21
293,Public Speaking Pt. 1,10/15/21
288,Public Speaking Pt. 2,10/18/21
125,Public Speaking Pt. 2,10/18/21
271,Managing Difficult Conversations Pt. 1,10/21/21
274,Managing Difficult Conversations Pt. 1,10/21/21
294,Managing Difficult Conversations Pt. 1,10/21/21
276,Managing Difficult Conversations Pt. 1,10/21/21
279,Managing Difficult Conversations Pt. 1,10/21/21
300,Managing Difficult Conversations Pt. 1,10/21/21
114,Managing Difficult Conversations Pt. 1,10/21/21
40,Managing Difficult Conversations Pt. 1,10/21/21
266,Managing Difficult Conversations Pt. 1,10/21/21
196,Managing Difficult Conversations Pt. 1,10/21/21
278,Managing Difficult Conversations Pt. 1,10/21/21
294,Managing Difficult Conversations Pt. 1,10/21/21
111,Managing Difficult Conversations Pt. 1,10/21/21
268,Managing Difficult Conversations Pt. 1,10/21/21
89,Managing Difficult Conversations Pt. 1,10/21/21
270,Managing Difficult Conversations Pt. 1,10/21/21
273,Managing Difficult Conversations Pt. 1,10/21/21
275,Managing Difficult Conversations Pt. 1,10/21/21
31,Managing Difficult Conversations Pt. 1,10/21/21
288,Managing Difficult Conversations Pt. 1,10/25/21
125,Managing Difficult Conversations Pt. 1,10/25/21
266,Managing Difficult Conversations Pt. 2,10/28/21
31,Managing Difficult Conversations Pt. 2,10/28/21
89,Managing Difficult Conversations Pt. 2,10/28/21
274,Managing Difficult Conversations Pt. 2,10/28/21
278,Managing Difficult Conversations Pt. 2,10/28/21
276,Managing Difficult Conversations Pt. 2,10/28/21
196,Managing Difficult Conversations Pt. 2,10/28/21
114,Managing Difficult Conversations Pt. 2,10/28/21
294,Managing Difficult Conversations Pt. 2,10/28/21
279,Managing Difficult Conversations Pt. 2,10/28/21
300,Managing Difficult Conversations Pt. 2,10/28/21
300,Managing Difficult Conversations Pt. 2,10/28/21
270,Managing Difficult Conversations Pt. 2,10/28/21
271,Managing Difficult Conversations Pt. 2,10/28/21
268,Managing Difficult Conversations Pt. 2,10/28/21
273,Managing Difficult Conversations Pt. 2,10/28/21
275,Managing Difficult Conversations Pt. 2,10/28/21
274,Managing Difficult Conversations Pt. 2,10/28/21
288,Managing Difficult Conversations Pt. 2,11/1/21
125,Managing Difficult Conversations Pt. 2,11/1/21
288,Resume Writing,11/8/21
125,Resume Writing,11/8/21
4,Career Exploration Program of Study Pt. 1,11/29/21
31,Career Exploration Program of Study Pt. 1,11/29/21
196,Career Exploration Program of Study Pt. 1,11/29/21
30,Career Exploration Program of Study Pt. 1,11/29/21
38,Career Exploration Program of Study Pt. 1,11/29/21
14,Career Exploration Program of Study Pt. 1,11/29/21
31,Career Exploration Program of Study Pt. 2,12/6/21
14,Career Exploration Program of Study Pt. 2,12/6/21
4,Career Exploration Program of Study Pt. 2,12/6/21
30,Career Exploration Program of Study Pt. 2,12/6/21
38,Career Exploration Program of Study Pt. 2,12/6/21
196,Career Exploration Program of Study Pt. 2,12/6/21
4,Career Exploration Program of Study Pt. 3,12/13/21
31,Career Exploration Program of Study Pt. 3,12/13/21
30,Career Exploration Program of Study Pt. 3,12/13/21
38,Career Exploration Program of Study Pt. 3,12/13/21
14,Career Exploration Program of Study Pt. 3,12/13/21
30,Basic Computer Knowledge Pt. 1,1/28/22
38,Basic Computer Knowledge Pt. 1,1/28/22
125,Basic Computer Knowledge Pt. 1,1/28/22
4,Basic Computer Knowledge Pt. 1,1/28/22
31,Basic Computer Knowledge Pt. 1,1/28/22
199,Mobile Phone Digital Literacy,1/28/22
196,Mobile Phone Digital Literacy,1/28/22
273,Mobile Phone Digital Literacy,1/28/22
4,Mobile Phone Digital Literacy,1/28/22
125,Mobile Phone Digital Literacy,1/28/22
38,Mobile Phone Digital Literacy,1/28/22
31,Mobile Phone Digital Literacy,1/28/22
84,Mobile Phone Digital Literacy,2/14/22
304,Basic Computer Knowledge Pt. 1,2/28/22
303,Basic Computer Knowledge Pt. 1,2/28/22
30,Basic Computer Knowledge Pt. 1,2/28/22
309,Basic Computer Knowledge Pt. 1,2/28/22
308,Basic Computer Knowledge Pt. 1,2/28/22
90,Basic Computer Knowledge Pt. 1,2/28/22
288,Basic Computer Knowledge Pt. 1,2/28/22
306,Basic Computer Knowledge Pt. 1,2/28/22
307,Basic Computer Knowledge Pt. 1,2/28/22
308,Google Drive-2,3/2/22
304,Google Drive-2,3/2/22
310,Constructing an Essay,3/16/22
308,Google Drive-2,3/21/22
304,Google Drive-2,3/21/22
307,Google Drive-2,3/21/22
309,Google Drive-2,3/21/22
310,Google Drive-2,3/21/22
14,Google Drive-2,3/21/22
196,Google Drive-2,3/21/22
4,Google Drive-2,3/21/22
39,Google Drive-3 Pt. 1,3/28/22
307,Google Drive-3 Pt. 1,3/28/22
125,Google Drive-3 Pt. 1,3/28/22
304,Google Drive-3 Pt. 1,3/28/22
196,Google Drive-3 Pt. 1,3/28/22
308,Google Drive-3 Pt. 1,3/28/22
310,Google Drive-3 Pt. 1,3/28/22
309,Google Drive-3 Pt. 1,3/28/22
308,Google Drive-3 Pt. 2,4/4/22
309,Google Drive-3 Pt. 2,4/4/22
304,Google Drive-3 Pt. 2,4/4/22
310,Google Drive-3 Pt. 2,4/4/22
39,Basic Computer Knowledge Pt. 2,4/11/22
310,Basic Computer Knowledge Pt. 2,4/11/22
90,Basic Computer Knowledge Pt. 2,4/11/22
309,Basic Computer Knowledge Pt. 2,4/11/22
31,Basic Computer Knowledge Pt. 2,4/11/22
4,Basic Computer Knowledge Pt. 2,4/11/22
4,LinkedIn-1,4/20/22
308,LinkedIn-1,4/20/22
196,LinkedIn-1,4/20/22
14,LinkedIn-1,4/20/22
196,Food Delivery Service Application ,4/22/22
11,Food Delivery Service Application ,4/22/22
304,Food Delivery Service Application ,4/22/22
163,Food Delivery Service Application ,4/22/22
4,Food Delivery Service Application ,4/22/22
183,Food Delivery Service Application ,4/22/22
311,Food Delivery Service Application ,4/22/22
125,Food Delivery Service Application ,4/22/22
97,Food Delivery Service Application ,4/22/22
90,Google Sheets Practice Session,4/25/22
14,Google Sheets Practice Session,4/25/22
310,Google Sheets Practice Session,4/25/22
309,Google Sheets Practice Session,4/25/22
125,Google Sheets Practice Session,4/25/22
41,Google Sheets Practice Session,4/25/22
304,Google Sheets Practice Session,4/25/22
309,Google Sheets Practice Session,4/25/22
196,Google Sheets Practice Session,4/25/22
97,Math-2 pt. 1,4/27/22